{"_wandb":{"runtime":131},"_runtime":131,"_step":0,"batch_loss":0.4819925129413605,"lr":0.00020173913043478262,"wd":0.040000010494617044,"_timestamp":1.772196944376295e+09}