{"_wandb":{"runtime":300},"batch_loss":0.14750690758228302,"epoch_loss":0.1488922348906917,"_step":2,"lr":0.00028086021505376344,"_runtime":300,"wd":0.04002268626238159,"_timestamp":1.772197307962331e+09,"epoch":1}