{"_runtime":52151,"_timestamp":1.772249517336432e+09,"epoch_loss":0.01879263387852779,"_wandb":{"runtime":52151},"batch_loss":0.018857384100556374,"lr":1.028682357703397e-06,"wd":0.3999903415904054,"_step":599,"epoch":300}