{"_wandb":{"runtime":249},"epoch_loss":0.1550501585006714,"batch_loss":0.14718133211135864,"wd":0.04002268626238159,"_runtime":249,"epoch":1,"lr":0.00028086021505376344,"_step":2,"_timestamp":1.7713059048000526e+09}