{"epoch_loss":0.02076530564696558,"_step":399,"_wandb":{"runtime":30381},"batch_loss":0.023477159440517426,"_runtime":30381,"_timestamp":1.7713364831278722e+09,"wd":0.399978268821343,"epoch":200,"lr":1.066818714329083e-06}